date,close,volume,open,high,low,symbol
2024-06-07,232.67,2212477,232.41,234.1205,231.71,AXP
2024-06-06,233.35,2709843,234.79,236.4,232.7,AXP
2024-06-05,234.69,2925098,236.25,237.7,233.7,AXP
2024-06-04,237.25,2512117,236.39,240.0,235.73,AXP
2024-06-03,236.88,2677196,240.18,241.36,233.5309,AXP
2024-05-31,240.0,5102491,238.0,240.19,235.91,AXP
2024-05-30,237.22,2386412,236.37,237.32,234.975,AXP
2024-05-29,235.94,2711330,235.45,237.66,234.665,AXP
2024-05-28,237.25,2315401,237.75,238.47,235.88,AXP
2024-05-24,238.18,1624528,236.86,240.07,236.69,AXP
2024-05-23,235.46,3272593,240.83,240.83,235.12,AXP
2024-05-22,240.09,2292745,242.91,243.465,239.525,AXP
2024-05-21,243.08,1825937,242.34,243.575,241.34,AXP
2024-05-20,242.3,1983370,243.11,244.4138,242.1,AXP
2024-05-17,242.82,1848915,242.8,243.19,241.9,AXP
2024-05-16,241.32,2606056,241.72,243.348,240.85,AXP
2024-05-15,241.7,2013389,241.63,242.87,240.25,AXP
2024-05-14,241.53,2387310,238.15,242.09,238.1,AXP
2024-05-13,238.65,2768890,242.95,243.54,238.1,AXP
2024-05-10,242.3,2590895,240.5,243.54,240.31,AXP
2024-05-09,239.14,3166350,235.96,239.38,235.56,AXP
2024-05-08,236.24,2501911,234.4,236.85,233.52,AXP
2024-05-07,234.66,2084529,235.5,236.0,233.41,AXP
2024-05-06,234.33,2259573,232.3,234.57,231.32,AXP
2024-05-03,230.77,3203304,233.26,233.35,229.13,AXP
2024-05-02,232.5,2734874,233.58,233.95,230.911,AXP
2024-05-01,231.46,4176158,233.22,235.14,231.23,AXP
2024-04-30,234.03,3564276,237.88,239.61,233.77,AXP
2024-04-29,238.92,3696787,236.59,239.12,235.64,AXP
2024-04-26,235.64,2993335,236.0,236.92,234.4248,AXP
2024-04-25,237.1,3328959,238.13,238.45,235.405,AXP
2024-04-24,239.12,4429243,238.27,240.55,237.97,AXP
2024-04-23,238.96,4684450,234.77,239.42,233.67,AXP
2024-04-22,233.0,5151299,232.03,235.3699,227.69,AXP
2024-04-19,231.04,7573684,218.84,231.6,218.84,AXP
2024-04-18,217.5,3901454,218.26,221.445,217.175,AXP
2024-04-17,217.67,2256782,219.56,220.28,216.52,AXP
2024-04-16,218.34,4176672,217.7,219.38,216.51,AXP
2024-04-15,218.4,3459235,221.89,222.73,216.82,AXP
2024-04-12,218.2,2441341,217.0,218.275,216.115,AXP
2024-04-11,218.2,3139034,217.5,219.1701,214.5148,AXP
2024-04-10,217.65,3115019,217.51,219.5,215.52,AXP
2024-04-09,219.84,3503402,222.99,223.93,217.97,AXP
2024-04-08,224.11,1401323,223.46,224.85,223.125,AXP
2024-04-05,222.46,1827905,220.0,223.12,219.52,AXP
2024-04-04,219.59,3035326,229.14,229.68,219.21,AXP
2024-04-03,226.63,2070155,225.81,227.255,225.25,AXP
2024-04-02,225.53,1984722,226.37,226.97,224.5905,AXP
2024-04-01,227.61,1616807,227.44,228.57,226.83,AXP
2024-03-28,227.69,2295844,228.46,228.46,226.34,AXP
2024-03-27,227.75,2153112,227.2,228.0,225.14,AXP
2024-03-26,224.46,2106373,226.62,226.87,224.32,AXP
2024-03-25,226.03,2119586,225.34,226.99,225.23,AXP
2024-03-22,225.96,2284653,229.05,230.54,225.91,AXP
2024-03-21,229.12,3523879,229.11,231.69,228.99,AXP
2024-03-20,227.91,2249652,221.49,228.06,221.225,AXP
2024-03-19,221.69,1817740,221.05,221.95,219.37,AXP
2024-03-18,220.97,1893106,219.9,221.73,218.99,AXP
2024-03-15,218.46,5267916,220.98,221.595,217.217,AXP
2024-03-14,220.47,2418002,224.28,224.29,219.1,AXP
2024-03-13,222.81,2693104,223.14,223.49,221.87,AXP
2024-03-12,222.65,2067715,221.24,223.4425,219.64,AXP
2024-03-11,220.19,2808177,221.92,222.36,218.2938,AXP
2024-03-08,223.37,2242892,223.04,224.895,222.8369,AXP
2024-03-07,223.42,2974124,221.01,224.69,220.81,AXP
2024-03-06,218.45,2727955,217.62,219.29,217.27,AXP
2024-03-05,217.2,2672289,217.44,218.9,216.1218,AXP
2024-03-04,218.91,2625426,219.07,219.58,217.24,AXP
2024-03-01,219.66,2342883,219.31,220.38,218.43,AXP
2024-02-29,219.42,5186513,218.99,219.74,217.65,AXP
2024-02-28,218.03,2459415,217.18,219.2,216.76,AXP
2024-02-27,217.98,2428235,217.43,218.08,216.295,AXP
2024-02-26,216.96,2684535,213.42,217.54,213.25,AXP
2024-02-23,214.56,2617090,215.0,216.315,214.255,AXP
2024-02-22,213.99,3027833,212.48,215.545,212.48,AXP
2024-02-21,210.89,2600172,211.6,212.69,209.1,AXP
2024-02-20,212.49,3341695,211.0,213.75,210.28,AXP
2024-02-16,212.56,2831527,212.53,214.29,211.87,AXP
2024-02-15,212.53,2644546,211.47,213.12,210.65,AXP
2024-02-14,210.9,2770792,211.148,211.291,208.8243,AXP
2024-02-13,209.67,3381728,210.22,210.97,207.61,AXP
2024-02-12,212.26,4041427,212.25,214.01,211.61,AXP
2024-02-09,212.47,4785303,211.55,214.25,210.41,AXP
2024-02-08,211.21,4136649,208.25,211.34,207.95,AXP
2024-02-07,209.08,3272239,207.08,209.15,205.6,AXP
2024-02-06,205.65,3255282,205.44,207.08,204.0,AXP
2024-02-05,205.94,3099394,205.49,206.72,203.42,AXP
2024-02-02,206.41,3393186,203.39,206.97,203.0,AXP
2024-02-01,203.22,3025286,200.36,203.47,199.88,AXP
2024-01-31,200.74,3495246,202.4,205.32,200.66,AXP
2024-01-30,204.15,4284584,200.5,204.44,200.41,AXP
2024-01-29,200.86,4935511,201.91,202.9,199.07,AXP
2024-01-26,201.43,13555400,192.54,204.77,192.26,AXP
2024-01-25,188.07,3472509,186.44,188.33,186.43,AXP
2024-01-24,185.82,3052485,187.09,188.42,185.725,AXP
2024-01-23,185.47,2327575,185.68,186.02,184.81,AXP
2024-01-22,185.01,3145306,184.26,186.77,184.06,AXP
2024-01-19,183.17,3388875,181.0,183.38,179.41,AXP
2024-01-18,179.79,3215221,180.1,180.19,177.81,AXP
2024-01-17,181.0,2377792,179.45,181.6,179.0,AXP
2024-01-16,180.97,4142929,181.01,181.15,178.82,AXP
2024-01-12,182.04,3366290,185.83,186.409,181.95,AXP
2024-01-11,185.03,3493334,185.01,185.36,182.04,AXP
2024-01-10,184.97,2757848,185.03,186.1,183.6727,AXP
2024-01-09,186.77,2055536,187.83,187.99,186.3403,AXP
2024-01-08,189.21,3442161,188.22,189.33,186.38,AXP
2024-01-05,189.06,2243271,186.82,189.51,186.5207,AXP
2024-01-04,187.14,2777537,186.01,188.57,185.76,AXP
2024-01-03,186.32,2720517,186.68,187.49,185.5913,AXP
2024-01-02,188.31,2236696,186.49,188.735,186.07,AXP
2023-12-29,187.34,1914960,187.75,188.3,186.53,AXP
2023-12-28,187.8,1486110,187.12,188.07,187.0,AXP
2023-12-27,187.06,1825378,186.14,187.13,185.62,AXP
2023-12-26,185.96,1230025,185.96,186.18,185.13,AXP
2023-12-22,185.57,2782604,185.64,186.3699,184.63,AXP
2023-12-21,184.79,3496869,181.83,185.21,181.83,AXP
2023-12-20,180.65,4020694,185.35,185.65,180.54,AXP
2023-12-19,185.75,3978288,183.21,185.77,183.19,AXP
2023-12-18,182.76,2814390,181.38,182.84,181.03,AXP
2023-12-15,180.51,7139394,177.54,181.18,177.4981,AXP
2023-12-14,178.86,4548159,175.74,179.9,175.6,AXP
2023-12-13,174.56,3207685,171.21,174.66,170.145,AXP
2023-12-12,171.04,2946386,168.39,171.08,167.77,AXP
2023-12-11,168.39,2811552,168.4,169.5144,167.86,AXP
2024-06-07,81.43,10852600,81.62,82.63,80.61,SBUX
2024-06-06,81.47,9237764,81.15,82.93,80.92,SBUX
2024-06-05,81.16,11275340,82.46,82.5,80.96,SBUX
2024-06-04,82.79,12369950,81.97,83.43,81.9,SBUX
2024-06-03,82.08,12443410,79.68,82.12,79.62,SBUX
2024-05-31,80.22,12669720,79.08,80.33,78.61,SBUX
2024-05-30,78.76,9296635,77.1,78.875,77.055,SBUX
2024-05-29,76.88,9268066,77.1,78.32,76.83,SBUX
2024-05-28,77.48,8833325,78.79,78.8,77.41,SBUX
2024-05-24,78.87,10746170,78.5,79.22,78.11,SBUX
2024-05-23,78.305,15841330,80.1,80.7,77.64,SBUX
2024-05-22,80.72,22072210,77.7,81.02,77.44,SBUX
2024-05-21,77.72,8916627,77.555,78.215,77.5,SBUX
2024-05-20,77.54,11183770,77.68,78.32,76.71,SBUX
2024-05-17,77.85,14436470,75.27,78.0,74.92,SBUX
2024-05-16,75.28,10758470,75.185,75.55,74.455,SBUX
2024-05-15,75.7,8826471,75.9,76.03,75.3201,SBUX
2024-05-14,75.63,10961100,76.23,76.73,75.52,SBUX
2024-05-13,76.18,10953590,76.22,76.84,75.8,SBUX
2024-05-10,76.11,15761890,75.31,76.305,75.06,SBUX
2024-05-09,75.68,18591500,73.57,75.76,73.07,SBUX
2024-05-08,73.5,24482630,72.29,74.475,72.25,SBUX
2024-05-07,72.5,21901340,72.85,72.85,71.8,SBUX
2024-05-06,72.9,18632230,73.31,74.19,72.7,SBUX
2024-05-03,73.11,22153770,75.27,75.51,72.985,SBUX
2024-05-02,74.93,23883370,74.9,75.145,73.35,SBUX
2024-05-01,74.44,66610720,75.82,76.99,72.67,SBUX
2024-04-30,88.49,14538430,87.61,88.99,87.18,SBUX
2024-04-29,88.33,8522833,88.24,88.61,87.86,SBUX
2024-04-26,88.25,7185257,87.4,89.25,87.3704,SBUX
2024-04-25,87.84,7284616,89.55,89.73,87.68,SBUX
2024-04-24,88.75,7183882,87.06,88.94,86.95,SBUX
2024-04-23,87.87,5670465,88.77,88.81,87.32,SBUX
2024-04-22,88.18,8668988,88.08,88.61,87.34,SBUX
2024-04-19,87.61,11899970,87.15,88.08,87.12,SBUX
2024-04-18,87.15,11403310,86.438,87.63,86.05,SBUX
2024-04-17,86.21,6870073,86.0,86.42,85.34,SBUX
2024-04-16,85.42,8866801,84.82,86.19,84.42,SBUX
2024-04-15,85.17,9676851,85.4,86.365,84.915,SBUX
2024-04-12,84.92,8594849,85.42,85.51,84.29,SBUX
2024-04-11,85.9,6841570,86.0,86.31,85.26,SBUX
2024-04-10,85.95,7413858,86.32,86.87,85.6,SBUX
2024-04-09,87.13,6242718,87.19,87.6,86.31,SBUX
2024-04-08,87.19,6322904,86.97,87.36,86.3561,SBUX
2024-04-05,86.85,7161442,87.9,87.93,86.83,SBUX
2024-04-04,87.62,8057591,89.13,89.34,87.61,SBUX
2024-04-03,88.7,6316375,89.6,89.84,88.65,SBUX
2024-04-02,89.3,8276754,91.11,91.24,89.23,SBUX
2024-04-01,91.53,4990156,91.82,92.07,91.02,SBUX
2024-03-28,91.39,6784293,91.79,92.24,91.3,SBUX
2024-03-27,91.5,5863683,90.65,91.83,90.6,SBUX
2024-03-26,90.36,6216108,90.98,91.0,90.23,SBUX
2024-03-25,90.67,6902986,90.65,91.1175,90.47,SBUX
2024-03-22,90.71,6495018,91.74,91.78,90.06,SBUX
2024-03-21,91.66,6287275,92.63,93.17,91.64,SBUX
2024-03-20,92.6,5804396,91.79,92.625,91.515,SBUX
2024-03-19,91.59,5676530,91.0,91.9,90.86,SBUX
2024-03-18,91.01,7413915,90.75,91.425,90.53,SBUX
2024-03-15,90.12,18136260,91.6,92.02,90.0975,SBUX
2024-03-14,91.66,8544799,91.1,91.71,90.41,SBUX
2024-03-13,91.61,8254464,92.49,92.87,90.87,SBUX
2024-03-12,92.4,9444933,92.0,92.72,91.21,SBUX
2024-03-11,92.07,6702272,91.26,92.96,91.1675,SBUX
2024-03-08,91.06,7673306,90.62,91.53,90.6,SBUX
2024-03-07,90.95,8792403,91.62,91.76,90.31,SBUX
2024-03-06,91.65,4826947,91.35,92.03,91.12,SBUX
2024-03-05,91.22,7137304,92.1,92.17,91.065,SBUX
2024-03-04,92.46,7321004,93.06,93.32,92.04,SBUX
2024-03-01,93.16,7995399,94.45,94.57,92.91,SBUX
2024-02-29,94.9,11221060,94.5,95.1,93.98,SBUX
2024-02-28,93.0,5622420,93.77,93.97,92.77,SBUX
2024-02-27,94.13,5356076,94.32,94.66,93.6,SBUX
2024-02-26,94.28,7043838,95.36,95.565,94.25,SBUX
2024-02-23,95.62,6845440,95.88,96.93,95.58,SBUX
2024-02-22,95.78,8124709,94.89,96.075,94.14,SBUX
2024-02-21,95.02,8286281,93.86,95.766,93.77,SBUX
2024-02-20,93.46,8844526,93.36,94.12,93.065,SBUX
2024-02-16,93.22,5737486,93.1,94.1799,92.75,SBUX
2024-02-15,93.22,8877987,94.03,94.24,93.0,SBUX
2024-02-14,94.07,5510631,94.08,94.47,93.76,SBUX
2024-02-13,93.87,8138495,94.85,95.56,93.39,SBUX
2024-02-12,95.47,9224370,96.92,97.1392,95.38,SBUX
2024-02-09,97.3,9385584,96.32,97.99,96.29,SBUX
2024-02-08,96.59,9888133,95.1,96.69,93.925,SBUX
2024-02-07,95.31,9077973,96.24,96.6593,94.43,SBUX
2024-02-06,95.67,11531490,92.5,95.7,92.35,SBUX
2024-02-05,92.51,7335836,92.78,92.868,91.9,SBUX
2024-02-02,92.99,11366590,92.69,93.61,91.67,SBUX
2024-02-01,93.37,15001460,93.1,93.6,91.87,SBUX
2024-01-31,93.03,26751780,98.28,98.36,93.02,SBUX
2024-01-30,94.08,17625240,93.0,94.68,92.585,SBUX
2024-01-29,93.8,12728070,93.02,93.93,92.24,SBUX
2024-01-26,92.8,9229443,92.92,93.49,92.41,SBUX
2024-01-25,92.61,11991470,92.22,92.65,91.715,SBUX
2024-01-24,92.04,7661364,92.55,92.84,91.99,SBUX
2024-01-23,91.97,10227080,93.03,93.645,91.77,SBUX
2024-01-22,93.07,9420979,93.8,93.92,92.81,SBUX
2024-01-19,93.86,9565850,93.18,94.24,92.64,SBUX
2024-01-18,93.34,7549528,91.96,93.425,91.82,SBUX
2024-01-17,91.77,6672876,91.66,91.955,91.4,SBUX
2024-01-16,92.7,7493443,92.66,92.73,91.73,SBUX
2024-01-12,91.98,5641163,93.23,93.4,91.7716,SBUX
2024-01-11,92.94,6483610,93.33,93.64,91.9,SBUX
2024-01-10,93.5,5847748,93.01,93.69,92.88,SBUX
2024-01-09,93.09,6348458,93.61,93.73,92.86,SBUX
2024-01-08,94.19,7536873,93.02,94.57,92.95,SBUX
2024-01-05,92.99,7191023,93.33,93.58,92.48,SBUX
2024-01-04,93.55,7118640,93.1,94.58,93.0,SBUX
2024-01-03,93.23,7161677,93.96,94.24,93.06,SBUX
2024-01-02,93.67,8859654,95.45,95.95,93.62,SBUX
2023-12-29,96.01,6135654,95.88,96.35,95.3501,SBUX
2023-12-28,95.93,4518319,95.5,95.97,95.112,SBUX
2023-12-27,95.29,4959279,95.69,95.7786,94.79,SBUX
2023-12-26,95.67,3709492,95.34,95.69,94.955,SBUX
2023-12-22,95.28,6361013,94.89,95.83,94.34,SBUX
2023-12-21,95.33,7097160,95.08,95.4399,94.47,SBUX
2023-12-20,94.71,10057370,96.36,96.88,94.65,SBUX
2023-12-19,97.72,5992883,96.94,98.045,96.94,SBUX
2023-12-18,96.56,6146426,97.24,97.32,95.92,SBUX
2023-12-15,96.75,12466040,97.84,98.2382,96.56,SBUX
2023-12-14,97.84,9764843,98.72,98.79,97.15,SBUX
2023-12-13,98.11,7741909,98.5,98.64,96.82,SBUX
2023-12-12,98.15,6313820,98.44,98.6,97.43,SBUX
2023-12-11,98.12,7639105,97.22,99.005,97.22,SBUX
2024-06-07,63.91,9523089,64.09,64.225,63.81,KO
2024-06-06,64.15,8658456,63.92,64.36,63.84,KO
2024-06-05,63.92,9632525,63.99,64.07,63.35,KO
2024-06-04,63.94,11895620,63.2,63.97,62.94,KO
2024-06-03,62.93,9369046,62.71,63.09,62.445,KO
2024-05-31,62.93,19816630,61.99,63.025,61.69,KO
2024-05-30,61.97,9436821,61.85,62.08,61.6,KO
2024-05-29,61.7,11861820,61.47,61.88,61.07,KO
2024-05-28,61.82,12347000,61.79,62.13,61.4,KO
2024-05-24,62.0,8203136,62.22,62.42,61.97,KO
2024-05-23,62.09,9834292,62.49,62.88,62.05,KO
2024-05-22,63.0,7419406,62.71,63.02,62.66,KO
2024-05-21,62.91,9796202,62.82,62.98,62.44,KO
2024-05-20,62.57,11000890,62.93,63.01,62.46,KO
2024-05-17,63.03,11539020,63.34,63.37,62.935,KO
2024-05-16,63.32,10228000,63.24,63.725,63.07,KO
2024-05-15,63.13,9838897,63.06,63.3915,63.0,KO
2024-05-14,63.1,10852230,63.58,63.76,62.8,KO
2024-05-13,63.58,10137620,63.24,63.62,63.18,KO
2024-05-10,63.26,8371691,62.92,63.36,62.79,KO
2024-05-09,62.88,9113662,62.81,63.15,62.75,KO
2024-05-08,62.85,10484410,62.85,62.97,62.48,KO
2024-05-07,62.62,9807029,62.76,62.82,62.25,KO
2024-05-06,62.35,9310699,62.3,62.38,61.895,KO
2024-05-03,62.17,11628680,61.99,62.33,61.64,KO
2024-05-02,61.99,10991300,62.18,62.3991,61.72,KO
2024-05-01,61.93,16730830,61.8,62.57,61.21,KO
2024-04-30,61.77,19349150,62.14,62.83,61.465,KO
2024-04-29,62.04,13420750,61.92,62.05,61.53,KO
2024-04-26,61.74,10994260,61.55,61.93,61.35,KO
2024-04-25,61.74,19048540,61.87,62.59,61.37,KO
2024-04-24,61.55,19548320,60.32,61.65,59.84,KO
2024-04-23,60.64,13689130,60.53,60.675,60.13,KO
2024-04-22,60.55,15624550,60.14,60.63,59.715,KO
2024-04-19,60.17,21207850,59.1,60.355,58.995,KO
2024-04-18,58.91,11125870,58.62,58.98,58.54,KO
2024-04-17,58.51,13805070,58.28,58.555,58.1,KO
2024-04-16,58.06,11236840,58.25,58.38,57.93,KO
2024-04-15,58.14,12425050,58.61,58.805,58.04,KO
2024-04-12,58.28,12250950,58.95,59.01,58.13,KO
2024-04-11,59.05,11109010,59.15,59.37,58.785,KO
2024-04-10,58.92,11861880,59.32,59.39,58.69,KO
2024-04-09,59.72,10792140,59.48,59.74,59.13,KO
2024-04-08,59.27,10284540,59.4,59.47,59.07,KO
2024-04-05,59.51,10157760,59.25,59.68,58.9101,KO
2024-04-04,59.3,14320690,60.09,60.15,59.17,KO
2024-04-03,59.83,13672920,60.05,60.39,59.78,KO
2024-04-02,60.15,13017260,60.45,60.73,60.11,KO
2024-04-01,60.68,11668690,61.18,61.3,60.63,KO
2024-03-28,61.18,13683530,61.14,61.26,60.995,KO
2024-03-27,61.03,12551220,60.79,61.43,60.7,KO
2024-03-26,60.54,13277390,60.5,60.71,60.38,KO
2024-03-25,60.4,13144650,60.48,60.71,60.12,KO
2024-03-22,60.49,11502840,60.52,60.79,60.43,KO
2024-03-21,60.47,13067080,60.56,60.99,60.32,KO
2024-03-20,60.75,15258760,60.18,60.81,60.155,KO
2024-03-19,60.23,15030630,60.24,60.35,60.06,KO
2024-03-18,60.13,15856690,59.89,60.4,59.801,KO
2024-03-15,59.88,36849930,60.02,60.45,59.64,KO
2024-03-14,60.5,13996610,60.58,60.8,60.4,KO
2024-03-13,61.12,13909460,60.88,61.21,60.8001,KO
2024-03-12,60.5,12684650,60.32,60.75,60.21,KO
2024-03-11,60.24,14114260,59.78,60.29,59.575,KO
2024-03-08,59.52,13239010,59.3,59.79,58.97,KO
2024-03-07,59.44,13686860,59.69,59.77,59.24,KO
2024-03-06,59.55,12378820,59.52,59.995,59.38,KO
2024-03-05,59.52,12309960,59.91,60.11,59.42,KO
2024-03-04,59.81,10150240,59.23,59.95,59.22,KO
2024-03-01,59.53,10927560,59.9,59.9,59.34,KO
2024-02-29,60.02,18152650,60.35,60.64,59.9,KO
2024-02-28,60.4,8076536,60.37,60.49,60.06,KO
2024-02-27,60.34,9931088,60.54,60.78,60.12,KO
2024-02-26,60.71,10336100,61.24,61.27,60.66,KO
2024-02-23,61.2,13612910,61.09,61.62,61.0,KO
2024-02-22,61.15,12982800,60.99,61.25,60.5,KO
2024-02-21,61.24,14378260,60.99,61.28,60.83,KO
2024-02-20,60.7,18339320,59.595,60.84,59.51,KO
2024-02-16,59.39,13947060,59.35,59.62,58.955,KO
2024-02-15,59.4,13695850,59.42,59.59,59.13,KO
2024-02-14,59.29,15872450,59.17,59.59,59.035,KO
2024-02-13,59.35,24195710,59.5,60.655,58.79,KO
2024-02-12,59.7,13516780,59.66,59.76,58.96,KO
2024-02-09,59.56,15235250,59.47,59.58,59.03,KO
2024-02-08,59.83,12874760,59.89,59.97,59.41,KO
2024-02-07,59.99,10259890,60.07,60.21,59.94,KO
2024-02-06,59.94,12777150,59.96,60.05,59.68,KO
2024-02-05,60.04,12759570,60.38,60.38,59.88,KO
2024-02-02,60.54,17544910,60.82,60.87,60.23,KO
2024-02-01,60.98,15870880,59.57,61.005,59.36,KO
2024-01-31,59.49,22837000,60.1,60.45,59.29,KO
2024-01-30,59.9,22061540,59.85,60.02,59.445,KO
2024-01-29,59.73,14547070,59.34,59.79,59.17,KO
2024-01-26,59.37,13025070,59.25,59.49,59.125,KO
2024-01-25,59.16,14899710,59.01,59.17,58.66,KO
2024-01-24,58.91,16370480,59.8,59.81,58.89,KO
2024-01-23,59.85,14481640,59.53,60.0,59.46,KO
2024-01-22,59.57,14314270,59.755,60.065,59.44,KO
2024-01-19,59.83,14392600,60.26,60.28,59.64,KO
2024-01-18,60.16,10397680,59.69,60.23,59.525,KO
2024-01-17,59.99,8982132,59.86,60.21,59.82,KO
2024-01-16,59.99,11826910,60.39,60.43,59.85,KO
2024-01-12,60.39,13218010,60.08,60.46,59.87,KO
2024-01-11,59.81,13754230,60.25,60.26,59.69,KO
2024-01-10,60.2,12257980,60.22,60.41,59.98,KO
2024-01-09,60.0,10493650,59.99,60.135,59.62,KO
2024-01-08,60.11,11554630,59.68,60.18,59.42,KO
2024-01-05,59.67,10412800,59.8,59.95,59.0921,KO
2024-01-04,59.76,12912930,60.05,60.26,59.66,KO
2024-01-03,59.96,14830630,59.93,60.2,59.76,KO
2024-01-02,59.82,16322590,58.8,59.88,58.67,KO
2023-12-29,58.93,9244339,58.74,58.98,58.63,KO
2023-12-28,58.75,8400138,58.65,58.87,58.525,KO
2023-12-27,58.71,8560060,58.64,58.77,58.4,KO
2023-12-26,58.56,6422531,58.06,58.705,58.06,KO
2023-12-22,58.32,9029440,58.12,58.46,58.02,KO
2023-12-21,57.99,11725120,57.85,58.07,57.47,KO
2023-12-20,57.61,17701000,58.5,58.67,57.57,KO
2023-12-19,58.83,14612200,59.0,59.2,58.635,KO
2023-12-18,59.02,16717660,58.8,59.49,58.62,KO
2023-12-15,58.6,65177380,58.83,59.17,57.8,KO
2023-12-14,59.04,22478310,59.97,60.04,58.77,KO
2023-12-13,59.93,16196750,59.45,60.02,59.26,KO
2023-12-12,59.42,12899010,59.2,59.42,58.895,KO
2023-12-11,59.04,14524770,58.83,59.09,58.5,KO
2024-06-07,196.89,53103910,194.65,196.94,194.14,AAPL
2024-06-06,194.48,41181750,195.685,196.5,194.17,AAPL
2024-06-05,195.87,54156790,195.4,196.9,194.87,AAPL
2024-06-04,194.35,47471450,194.635,195.32,193.0342,AAPL
2024-06-03,194.03,50080540,192.9,194.99,192.52,AAPL
2024-05-31,192.25,75158280,191.44,192.57,189.91,AAPL
2024-05-30,191.29,49947940,190.76,192.18,190.63,AAPL
2024-05-29,190.29,53068020,189.61,192.247,189.51,AAPL
2024-05-28,189.99,52280050,191.51,193.0,189.1,AAPL
2024-05-24,189.98,36326980,188.82,190.58,188.0404,AAPL
2024-05-23,186.88,51005920,190.98,191.0,186.625,AAPL
2024-05-22,190.9,34648550,192.265,192.8231,190.27,AAPL
2024-05-21,192.35,42309400,191.09,192.73,190.9201,AAPL
2024-05-20,191.04,44361280,189.325,191.9199,189.01,AAPL
2024-05-17,189.87,41282930,189.51,190.81,189.18,AAPL
2024-05-16,189.84,52845230,190.47,191.095,189.6601,AAPL
2024-05-15,189.72,70399990,187.91,190.65,187.37,AAPL
2024-05-14,187.43,52393620,187.51,188.3,186.29,AAPL
2024-05-13,186.28,72044810,185.435,187.1,184.62,AAPL
2024-05-10,183.05,50759500,184.9,185.09,182.13,AAPL
2024-05-09,184.57,48982970,182.56,184.66,182.11,AAPL
2024-05-08,182.74,45057090,182.85,183.07,181.45,AAPL
2024-05-07,182.4,77305770,183.45,184.9,181.32,AAPL
2024-05-06,181.71,78569670,182.354,184.2,180.42,AAPL
2024-05-03,183.38,163224100,186.645,187.0,182.66,AAPL
2024-05-02,173.03,94214920,172.51,173.415,170.89,AAPL
2024-05-01,169.3,50383150,169.58,172.705,169.11,AAPL
2024-04-30,170.33,65934780,173.33,174.99,170.0,AAPL
2024-04-29,173.5,68169420,173.37,176.03,173.1,AAPL
2024-04-26,169.3,44838350,169.88,171.34,169.18,AAPL
2024-04-25,169.89,50558330,169.525,170.61,168.1511,AAPL
2024-04-24,169.02,48251840,166.54,169.3,166.21,AAPL
2024-04-23,166.9,49537760,165.35,167.05,164.92,AAPL
2024-04-22,165.84,48116440,165.515,167.26,164.77,AAPL
2024-04-19,165.0,68149380,166.21,166.4,164.075,AAPL
2024-04-18,167.04,43122900,168.03,168.64,166.55,AAPL
2024-04-17,168.0,50901210,169.61,170.65,168.0,AAPL
2024-04-16,169.38,73711240,171.75,173.76,168.27,AAPL
2024-04-15,172.69,73531770,175.36,176.63,172.5,AAPL
2024-04-12,176.55,101670900,174.26,178.36,174.21,AAPL
2024-04-11,175.04,91070280,168.34,175.46,168.16,AAPL
2024-04-10,167.78,49709340,168.8,169.09,167.11,AAPL
2024-04-09,169.67,42451210,168.7,170.08,168.35,AAPL
2024-04-08,168.45,37425510,169.03,169.2,168.24,AAPL
2024-04-05,169.58,42104830,169.59,170.39,168.95,AAPL
2024-04-04,168.82,53704390,170.29,171.92,168.82,AAPL
2024-04-03,169.65,47691720,168.79,170.68,168.58,AAPL
2024-04-02,168.84,49329480,169.08,169.34,168.2302,AAPL
2024-04-01,170.03,46240500,171.19,171.25,169.475,AAPL
2024-03-28,171.48,65672690,171.75,172.23,170.51,AAPL
2024-03-27,173.31,60273270,170.41,173.6,170.11,AAPL
2024-03-26,169.71,57388450,170.0,171.42,169.58,AAPL
2024-03-25,170.85,54288330,170.565,171.94,169.45,AAPL
2024-03-22,172.28,71160140,171.76,173.05,170.06,AAPL
2024-03-21,171.37,106181300,177.05,177.49,170.84,AAPL
2024-03-20,178.67,53423100,175.72,178.67,175.09,AAPL
2024-03-19,176.08,55215240,174.34,176.605,173.03,AAPL
2024-03-18,173.72,75604180,175.57,177.71,173.52,AAPL
2024-03-15,172.62,121752700,171.17,172.62,170.285,AAPL
2024-03-14,173.0,72913510,172.91,174.3078,172.05,AAPL
2024-03-13,171.13,52488690,172.77,173.185,170.76,AAPL
2024-03-12,173.23,59825370,173.15,174.03,171.01,AAPL
2024-03-11,172.75,60139470,172.94,174.38,172.05,AAPL
2024-03-08,170.73,76267040,169.0,173.7,168.94,AAPL
2024-03-07,169.0,71765060,169.15,170.73,168.49,AAPL
2024-03-06,169.12,68587710,171.06,171.24,168.68,AAPL
2024-03-05,170.12,95132360,170.76,172.04,169.62,AAPL
2024-03-04,175.1,81510100,176.15,176.9,173.79,AAPL
2024-03-01,179.66,73563080,179.55,180.53,177.38,AAPL
2024-02-29,180.75,136682600,181.27,182.57,179.53,AAPL
2024-02-28,181.42,48953940,182.51,183.12,180.13,AAPL
2024-02-27,182.63,54318850,181.1,183.9225,179.56,AAPL
2024-02-26,181.16,40867420,182.24,182.76,180.65,AAPL
2024-02-23,182.52,45119680,185.01,185.04,182.23,AAPL
2024-02-22,184.37,52292210,183.48,184.955,182.46,AAPL
2024-02-21,182.32,41529670,181.94,182.8888,180.66,AAPL
2024-02-20,181.56,53665550,181.79,182.43,180.0,AAPL
2024-02-16,182.31,49752470,183.42,184.85,181.665,AAPL
2024-02-15,183.86,65434500,183.55,184.49,181.35,AAPL
2024-02-14,184.15,54630520,185.32,185.53,182.44,AAPL
2024-02-13,185.04,56529530,185.77,186.21,183.5128,AAPL
2024-02-12,187.15,41781930,188.415,188.67,186.79,AAPL
2024-02-09,188.85,45155220,188.65,189.99,188.0,AAPL
2024-02-08,188.32,40962050,189.385,189.535,187.35,AAPL
2024-02-07,189.41,53438960,190.64,191.05,188.61,AAPL
2024-02-06,189.3,43490760,186.86,189.31,186.7695,AAPL
2024-02-05,187.68,69668820,188.15,189.25,185.84,AAPL
2024-02-02,185.85,102551700,179.86,187.33,179.25,AAPL
2024-02-01,186.86,64885410,183.985,186.95,183.82,AAPL
2024-01-31,184.4,55467800,187.04,187.095,184.35,AAPL
2024-01-30,188.04,55859370,190.94,191.8,187.47,AAPL
2024-01-29,191.73,47145620,192.01,192.2,189.58,AAPL
2024-01-26,192.42,44594010,194.27,194.76,191.94,AAPL
2024-01-25,194.17,54822130,195.22,196.2675,193.1125,AAPL
2024-01-24,194.5,53631320,195.42,196.38,194.34,AAPL
2024-01-23,195.18,42355590,195.02,195.75,193.8299,AAPL
2024-01-22,193.89,60133850,192.3,195.33,192.26,AAPL
2024-01-19,191.56,68902990,189.33,191.95,188.82,AAPL
2024-01-18,188.63,78005750,186.09,189.14,185.83,AAPL
2024-01-17,182.68,47317430,181.27,182.93,180.3,AAPL
2024-01-16,183.63,65603040,182.16,184.26,180.934,AAPL
2024-01-12,185.92,40477780,186.06,186.74,185.19,AAPL
2024-01-11,185.59,49128410,186.54,187.05,183.62,AAPL
2024-01-10,186.19,46792910,184.35,186.4,183.92,AAPL
2024-01-09,185.14,42841810,183.92,185.15,182.73,AAPL
2024-01-08,185.56,59144470,182.085,185.6,181.5,AAPL
2024-01-05,181.18,62379660,181.99,182.76,180.17,AAPL
2024-01-04,181.91,71983570,182.15,183.0872,180.88,AAPL
2024-01-03,184.25,58414460,184.22,185.88,183.43,AAPL
2024-01-02,185.64,82488670,187.15,188.44,183.885,AAPL
2023-12-29,192.53,42672150,193.9,194.4,191.725,AAPL
2023-12-28,193.58,34049900,194.14,194.66,193.17,AAPL
2023-12-27,193.15,48087680,192.49,193.5,191.09,AAPL
2023-12-26,193.05,28919310,193.61,193.89,192.83,AAPL
2023-12-22,193.6,37149570,195.18,195.41,192.97,AAPL
2023-12-21,194.68,46482550,196.1,197.08,193.5,AAPL
2023-12-20,194.83,52242820,196.9,197.68,194.83,AAPL
2023-12-19,196.94,40714050,196.16,196.95,195.89,AAPL
2023-12-18,195.89,55751860,196.09,196.63,194.39,AAPL
2023-12-15,197.57,128538400,197.53,198.3999,197.0,AAPL
2023-12-14,198.11,66831570,198.02,199.62,196.16,AAPL
2023-12-13,197.96,70404180,195.09,198.0,194.85,AAPL
2023-12-12,194.71,52696900,193.08,194.72,191.721,AAPL
2023-12-11,193.18,60943700,193.11,193.49,191.42,AAPL
